{
	"class_name" : "PinholeCameraParameters",
	"extrinsic" : 
	[
		0.98606664166760627,
		0.16588360387613446,
		0.012458256516642263,
		0.0,
		-0.15443980294717005,
		0.94072051743041718,
		-0.30198221032221029,
		0.0,
		-0.061813634871345634,
		0.29585053329428712,
		0.95323215246522075,
		0.0,
		0.13123028798648129,
		0.0039784196753911427,
		1.0275637492170711,
		1.0
	],
	"intrinsic" : 
	{
		"height" : 1016,
		"intrinsic_matrix" : 
		[
			879.88181024498977,
			0.0,
			0.0,
			0.0,
			879.88181024498977,
			0.0,
			924.5,
			507.5,
			1.0
		],
		"width" : 1850
	},
	"version_major" : 1,
	"version_minor" : 0
}